{"name": "Kinetic Text Tags", "version": "3.1", "location": {"callable": {"glitch_tag": ["game/glitch_tag.rpy", 74], "DispTextStyle.start_tags": ["game/kinetic_text_tags.rpy", 95], "RotateText.__init__": ["game/kinetic_text_tags.rpy", 303], "omega_tag": ["game/kinetic_text_tags.rpy", 716], "color_gradient": ["game/gradient_tags.rpy", 46], "BounceText.__init__": ["game/kinetic_text_tags.rpy", 130], "DispTextStyle.add_tags": ["game/kinetic_text_tags.rpy", 67], "BounceText.render": ["game/kinetic_text_tags.rpy", 145], "ChaosText.__init__": ["game/kinetic_text_tags.rpy", 252], "gradient2_tag": ["game/gradient_tags.rpy", 169], "GlitchText.render": ["game/glitch_tag.rpy", 45], "RotateText.visit": ["game/kinetic_text_tags.rpy", 326], "BounceText.visit": ["game/kinetic_text_tags.rpy", 170], "SwapText.__init__": ["game/kinetic_text_tags.rpy", 388], "paragraph_tag": ["game/kinetic_text_tags.rpy", 694], "SwapText.render": ["game/kinetic_text_tags.rpy", 405], "fade_in_tag": ["game/kinetic_text_tags.rpy", 519], "BounceText.event": ["game/kinetic_text_tags.rpy", 167], "swap_tag": ["game/kinetic_text_tags.rpy", 641], "ScareText.render": ["game/kinetic_text_tags.rpy", 224], "GlitchText.__init__": ["game/glitch_tag.rpy", 37], "ATLText.render": ["game/atl_text_tag.rpy", 154], "explode_tag": ["game/explosion_text.rpy", 73], "ExplodeText.__init__": ["game/explosion_text.rpy", 3], "ScareText.visit": ["game/kinetic_text_tags.rpy", 237], "ATLText.__init__": ["game/atl_text_tag.rpy", 132], "MoveText.event": ["game/kinetic_text_tags.rpy", 466], "ScareText.__init__": ["game/kinetic_text_tags.rpy", 216], "chaos_tag": ["game/kinetic_text_tags.rpy", 587], "ExplodeText.render": ["game/explosion_text.rpy", 13], "ExplodeHalfText.__init__": ["game/explosion_text.rpy", 35], "DispTextStyle.apply_style": ["game/kinetic_text_tags.rpy", 84], "MoveText.__init__": ["game/kinetic_text_tags.rpy", 437], "GradientText.visit": ["game/gradient_tags.rpy", 154], "gradient_tag": ["game/gradient_tags.rpy", 61], "SwapText.visit": ["game/kinetic_text_tags.rpy", 428], "scare_tag": ["game/kinetic_text_tags.rpy", 559], "rotate_tag": ["game/kinetic_text_tags.rpy", 606], "ExplodeHalfText.visit": ["game/explosion_text.rpy", 66], "GradientText.__init__": ["game/gradient_tags.rpy", 98], "MoveText.visit": ["game/kinetic_text_tags.rpy", 471], "FadeInText.visit": ["game/kinetic_text_tags.rpy", 211], "ExplodeText.visit": ["game/explosion_text.rpy", 31], "atl_tag": ["game/atl_text_tag.rpy", 233], "GradientText.render": ["game/gradient_tags.rpy", 122], "DispTextStyle.end_tags": ["game/kinetic_text_tags.rpy", 114], "ATLText.visit": ["game/atl_text_tag.rpy", 184], "bounce_tag": ["game/kinetic_text_tags.rpy", 479], "ChaosText.render": ["game/kinetic_text_tags.rpy", 261], "ExplodeHalfText.render": ["game/explosion_text.rpy", 48], "explodehalf_tag": ["game/explosion_text.rpy", 102], "RotateText.render": ["game/kinetic_text_tags.rpy", 310], "FadeInText.render": ["game/kinetic_text_tags.rpy", 192], "MoveText.render": ["game/kinetic_text_tags.rpy", 444], "FadeInText.__init__": ["game/kinetic_text_tags.rpy", 177], "move_tag": ["game/kinetic_text_tags.rpy", 667], "DispTextStyle.__init__": ["game/kinetic_text_tags.rpy", 63], "ChaosText.visit": ["game/kinetic_text_tags.rpy", 298]}, "screen": {"load": ["game/screens.rpy", 612], "help": ["game/screens.rpy", 1014], "say": ["game/screens.rpy", 98], "notify": ["game/screens.rpy", 1298], "keyboard_help": ["game/screens.rpy", 1043], "gamepad_help": ["game/screens.rpy", 1113], "preferences": ["game/screens.rpy", 734], "confirm": ["game/screens.rpy", 1179], "mouse_help": ["game/screens.rpy", 1090], "input": ["game/screens.rpy", 174], "save": ["game/screens.rpy", 605], "skip_indicator": ["game/screens.rpy", 1242], "file_slots": ["game/screens.rpy", 619], "choice": ["game/screens.rpy", 207], "game_menu": ["game/screens.rpy", 435], "main_menu": ["game/screens.rpy", 370], "nvl": ["game/screens.rpy", 1337], "quick_menu": ["game/screens.rpy", 1459], "about": ["game/screens.rpy", 561], "nvl_dialogue": ["game/screens.rpy", 1369], "navigation": ["game/screens.rpy", 292], "history": ["game/screens.rpy", 924]}, "define": {"gui.accent_color": ["game/gui.rpy", 24], "gui.interface_text_size": ["game/gui.rpy", 71], "build.name": ["game/options.rpy", 40], "gui.bar_tile": ["game/gui.rpy", 312], "gui.nvl_thought_xpos": ["game/gui.rpy", 390], "gui.slot_button_text_idle_color": ["game/gui.rpy", 227], "config.history_length": ["game/gui.rpy", 336], "config.after_load_transition": ["game/options.rpy", 86], "gui.page_spacing": ["game/gui.rpy", 268], "gui.page_button_borders": ["game/gui.rpy", 185], "gui.idle_color": ["game/gui.rpy", 27], "config.window": ["game/options.rpy", 108], "gui.slider_tile": ["game/gui.rpy", 314], "gui.main_menu_text_xalign": ["game/gui.rpy", 274], "gui.nvl_button_xalign": ["game/gui.rpy", 397], "gui.nvl_text_ypos": ["game/gui.rpy", 384], "gui.frame_borders": ["game/gui.rpy", 283], "gui.nvl_list_length": ["game/gui.rpy", 365], "gui.slot_button_borders": ["game/gui.rpy", 224], "gui.scrollbar_borders": ["game/gui.rpy", 318], "config.enter_transition": ["game/options.rpy", 75], "gui.pref_spacing": ["game/gui.rpy", 262], "gui.dialogue_text_xalign": ["game/gui.rpy", 137], "gui.nvl_text_xpos": ["game/gui.rpy", 383], "config.window_icon": ["game/options.rpy", 152], "gui.muted_color": ["game/gui.rpy", 45], "gui.dialogue_ypos": ["game/gui.rpy", 130], "config.has_sound": ["game/options.rpy", 48], "gui.button_text_font": ["game/gui.rpy", 157], "gui.nvl_name_ypos": ["game/gui.rpy", 378], "gui.game_menu_background": ["game/gui.rpy", 87], "gui.choice_button_text_hover_color": ["game/gui.rpy", 211], "gui.nvl_button_xpos": ["game/gui.rpy", 396], "gui.name_xalign": ["game/gui.rpy", 110], "gui.namebox_borders": ["game/gui.rpy", 119], "gui.frame_tile": ["game/gui.rpy", 295], "gui.nvl_text_xalign": ["game/gui.rpy", 386], "gui.vbar_borders": ["game/gui.rpy", 322], "config.end_game_transition": ["game/options.rpy", 91], "gui.slot_button_text_size": ["game/gui.rpy", 225], "eb": ["game/script.rpy", 11], "gui.dialogue_xpos": ["game/gui.rpy", 129], "gui.namebox_height": ["game/gui.rpy", 115], "es": ["game/script.rpy", 10], "config.version": ["game/options.rpy", 26], "gui.history_text_width": ["game/gui.rpy", 352], "gui.radio_button_borders": ["game/gui.rpy", 179], "gui.button_text_size": ["game/gui.rpy", 160], "config.window_hide_transition": ["game/options.rpy", 114], "gui.about": ["game/options.rpy", 32], "playername": ["game/script.rpy", 13], "gui.vslider_borders": ["game/gui.rpy", 324], "gui.navigation_spacing": ["game/gui.rpy", 259], "gui.choice_button_borders": ["game/gui.rpy", 206], "config.intra_transition": ["game/options.rpy", 81], "gui.slot_button_width": ["game/gui.rpy", 222], "gui.choice_button_text_xalign": ["game/gui.rpy", 209], "gui.show_name": ["game/options.rpy", 21], "gui.slot_button_text_selected_hover_color": ["game/gui.rpy", 229], "gui.title_text_size": ["game/gui.rpy", 80], "gui.slot_button_text_selected_idle_color": ["game/gui.rpy", 228], "gui.button_text_idle_color": ["game/gui.rpy", 163], "gui.notify_frame_borders": ["game/gui.rpy", 292], "gui.navigation_xpos": ["game/gui.rpy", 247], "gui.slot_button_height": ["game/gui.rpy", 223], "gui.history_text_ypos": ["game/gui.rpy", 351], "config.nvl_list_length": ["game/screens.rpy", 1390], "gui.notify_text_size": ["game/gui.rpy", 77], "config.has_voice": ["game/options.rpy", 50], "gui.selected_color": ["game/gui.rpy", 38], "gui.history_text_xpos": ["game/gui.rpy", 350], "gui.skip_frame_borders": ["game/gui.rpy", 289], "gui.confirm_button_text_xalign": ["game/gui.rpy", 183], "gui.text_font": ["game/gui.rpy", 56], "gui.history_name_xpos": ["game/gui.rpy", 344], "gui.main_menu_background": ["game/gui.rpy", 86], "gui.button_width": ["game/gui.rpy", 146], "gui.button_text_selected_color": ["game/gui.rpy", 165], "gui.nvl_thought_ypos": ["game/gui.rpy", 391], "config.save_directory": ["game/options.rpy", 145], "gui.skip_ypos": ["game/gui.rpy", 250], "gui.namebox_tile": ["game/gui.rpy", 123], "gui.nvl_text_width": ["game/gui.rpy", 385], "gui.hover_color": ["game/gui.rpy", 34], "gui.interface_text_color": ["game/gui.rpy", 50], "config.thumbnail_width": ["game/gui.rpy", 232], "gui.idle_small_color": ["game/gui.rpy", 31], "config.exit_transition": ["game/options.rpy", 76], "gui.button_text_xalign": ["game/gui.rpy", 170], "gui.name_xpos": ["game/gui.rpy", 105], "gui.name_text_size": ["game/gui.rpy", 68], "gui.history_text_xalign": ["game/gui.rpy", 353], "gui.file_slot_rows": ["game/gui.rpy", 237], "gui.button_text_insensitive_color": ["game/gui.rpy", 166], "gui.hover_muted_color": ["game/gui.rpy", 46], "gui.scrollbar_size": ["game/gui.rpy", 308], "gui.quick_button_text_selected_color": ["game/gui.rpy", 190], "gui.nvl_thought_width": ["game/gui.rpy", 392], "gui.history_height": ["game/gui.rpy", 340], "gui.text_size": ["game/gui.rpy", 65], "gui.unscrollable": ["game/gui.rpy", 328], "gui.choice_button_text_font": ["game/gui.rpy", 207], "gui.slot_spacing": ["game/gui.rpy", 271], "gui.quick_button_text_idle_color": ["game/gui.rpy", 189], "config.window_show_transition": ["game/options.rpy", 113], "config.narrator_menu": ["game/screens.rpy", 217], "gui.nvl_height": ["game/gui.rpy", 369], "gui.choice_button_height": ["game/gui.rpy", 204], "gui.nvl_spacing": ["game/gui.rpy", 373], "quick_menu": ["game/screens.rpy", 271], "gui.insensitive_color": ["game/gui.rpy", 41], "gui.bar_borders": ["game/gui.rpy", 317], "gui.dialogue_width": ["game/gui.rpy", 133], "gui.scrollbar_tile": ["game/gui.rpy", 313], "gui.quick_button_text_size": ["game/gui.rpy", 188], "config.has_music": ["game/options.rpy", 49], "gui.textbox_height": ["game/gui.rpy", 96], "gui.file_slot_cols": ["game/gui.rpy", 236], "gui.text_color": ["game/gui.rpy", 49], "gui.history_name_xalign": ["game/gui.rpy", 347], "config.name": ["game/options.rpy", 15], "gui.button_text_hover_color": ["game/gui.rpy", 164], "gui.textbox_yalign": ["game/gui.rpy", 100], "gui.nvl_name_width": ["game/gui.rpy", 379], "gui.choice_button_text_idle_color": ["game/gui.rpy", 210], "gui.button_borders": ["game/gui.rpy", 150], "gui.button_tile": ["game/gui.rpy", 154], "gui.choice_button_tile": ["game/gui.rpy", 205], "gui.history_name_width": ["game/gui.rpy", 346], "gui.language": ["game/gui.rpy", 405], "gui.notify_ypos": ["game/gui.rpy", 253], "config.layers": ["game/options.rpy", 17], "gui.nvl_name_xalign": ["game/gui.rpy", 380], "e_3d": ["game/script.rpy", 12], "gui.label_text_size": ["game/gui.rpy", 74], "gui.nvl_thought_xalign": ["game/gui.rpy", 393], "gui.namebox_width": ["game/gui.rpy", 114], "gui.choice_button_text_insensitive_color": ["game/gui.rpy", 212], "gui.slider_borders": ["game/gui.rpy", 319], "gui.history_allow_tags": ["game/screens.rpy", 964], "gui.name_text_font": ["game/gui.rpy", 59], "gui.name_ypos": ["game/gui.rpy", 106], "gui.nvl_borders": ["game/gui.rpy", 361], "gui.pref_button_spacing": ["game/gui.rpy", 265], "config.thumbnail_height": ["game/gui.rpy", 233], "gui.bar_size": ["game/gui.rpy", 307], "gui.choice_button_width": ["game/gui.rpy", 203], "gui.interface_text_font": ["game/gui.rpy", 62], "e": ["game/script.rpy", 9], "gui.history_name_ypos": ["game/gui.rpy", 345], "gui.slot_button_text_xalign": ["game/gui.rpy", 226], "gui.nvl_name_xpos": ["game/gui.rpy", 377], "gui.confirm_frame_borders": ["game/gui.rpy", 286], "gui.slider_size": ["game/gui.rpy", 309], "gui.button_height": ["game/gui.rpy", 147], "gui.check_button_borders": ["game/gui.rpy", 181], "gui.choice_spacing": ["game/gui.rpy", 256], "gui.quick_button_borders": ["game/gui.rpy", 187], "gui.choice_button_text_size": ["game/gui.rpy", 208], "gui.vscrollbar_borders": ["game/gui.rpy", 323]}, "transform": {"delayed_blink": ["game/screens.rpy", 1260], "bounce_text": ["game/atl_text_tag.rpy", 87], "fade_in_text": ["game/atl_text_tag.rpy", 105], "drop_text": ["game/atl_text_tag.rpy", 96], "bounce": ["game/atl_text_tag.rpy", 83], "rotate_text": ["game/atl_text_tag.rpy", 91], "notify_appear": ["game/screens.rpy", 1309], "text_rotate_3d": ["game/atl_text_tag.rpy", 122]}, "label": {"start": ["game/script.rpy", 14]}}, "error": false, "size": [1280, 720], "build": {"documentation_patterns": ["*.html", "*.txt"], "directory_name": "KineticTextTags-3.1", "display_name": "Kinetic Text Tags", "mac_info_plist": {}, "script_version": true, "include_i686": true, "destination": "KineticTextTags-3.1-dists", "renpy": false, "allow_integrated_gpu": true, "include_update": false, "merge": [["linux_i686", "linux"], ["windows_i686", "windows"]], "base_patterns": [["*.py", null], ["*.sh", null], ["*.app/", null], ["*.dll", null], ["*.manifest", null], ["lib/", null], ["renpy/", null], ["update/", null], ["common/", null], ["update/", null], ["old-game/", null], ["icon.ico", null], ["icon.icns", null], ["project.json", null], ["log.txt", null], ["errors.txt", null], ["traceback.txt", null], ["image_cache.txt", null], ["text_overflow.txt", null], ["dialogue.txt", null], ["dialogue.tab", null], ["profile_screen.txt", null], ["files.txt", null], ["memory.txt", null], ["tmp/", null], ["game/saves/", null], ["game/bytecode.rpyb", null], ["archived/", null], ["launcherinfo.py", null], ["android.txt", null], ["game/presplash*.*", ["all"]], [".android.json", ["android"]], ["android-*.png", ["android"]], ["android-*.jpg", ["android"]], ["ouya_icon.png", null], ["ios-presplash.*", ["ios"]], ["ios-launchimage.png", null], ["ios-icon.png", null], ["web-presplash.png", ["web"]], ["web-presplash.jpg", ["web"]], ["web-presplash.webp", ["web"]], ["progressive_download.txt", ["web"]], ["steam_appid.txt", null], ["**~", null], ["**.bak", null], ["**/.**", null], ["**/#**", null], ["**/thumbs.db", null], [".*", null], ["**", ["all"]]], "version": "3.1", "change_icon_i686": true, "archives": [["archive", ["all"]]], "xbit_patterns": ["**.sh", "lib/linux-*/*", "lib/mac-*/*", "**.app/Contents/MacOS/*"], "exclude_empty_directories": true, "renpy_patterns": [["renpy/common/_compat/**", null], ["renpy/common/_roundrect/**", null], ["renpy/common/_outline/**", null], ["renpy/common/_theme**", null], ["**~", null], ["**/#*", null], ["**/.*", null], ["**.old", null], ["**.new", null], ["**.rpa", null], ["**/*.pyc", null], ["**/steam_appid.txt", null], ["renpy.py", ["all"]], ["renpy/", ["all"]], ["renpy/**.py", ["renpy"]], ["renpy/**.pyx", ["renpy"]], ["renpy/**.pyd", ["renpy"]], ["renpy/**.pxi", ["renpy"]], ["renpy/common/", ["all"]], ["renpy/common/_compat/**", ["renpy"]], ["renpy/common/**.rpy", ["renpy"]], ["renpy/common/**.rpym", ["renpy"]], ["renpy/common/_compat/**", ["renpy"]], ["renpy/common/**", ["all"]], ["renpy/**", ["all"]], ["lib/*/renpy", null], ["lib/*/renpy.exe", null], ["lib/*/pythonw.exe", null], ["lib/windows-i686/**", ["windows_i686"]], ["lib/windows-x86_64/**", ["windows"]], ["lib/linux-i686/**", ["linux_i686"]], ["lib/linux-*/**", ["linux"]], ["lib/mac-*/**", ["mac"]], ["lib/**", ["windows", "linux", "mac", "android", "ios"]], ["renpy.sh", ["linux", "mac"]]], "packages": [{"dlc": false, "hidden": false, "description": "PC: Windows and Linux", "formats": ["zip"], "file_lists": ["windows", "linux", "renpy", "all"], "update": true, "name": "pc"}, {"dlc": false, "hidden": false, "description": "Linux", "formats": ["tar.bz2"], "file_lists": ["linux", "renpy", "all"], "update": true, "name": "linux"}, {"dlc": false, "hidden": false, "description": "Macintosh", "formats": ["app-zip", "app-dmg"], "file_lists": ["mac", "renpy", "all"], "update": true, "name": "mac"}, {"dlc": false, "hidden": false, "description": "Windows", "formats": ["zip"], "file_lists": ["windows", "renpy", "all"], "update": true, "name": "win"}, {"dlc": false, "hidden": false, "description": "Windows, Mac, Linux for Markets", "formats": ["zip"], "file_lists": ["windows", "linux", "mac", "renpy", "all"], "update": true, "name": "market"}, {"dlc": false, "hidden": true, "description": "steam", "formats": ["zip"], "file_lists": ["windows", "linux", "mac", "renpy", "all"], "update": true, "name": "steam"}, {"dlc": true, "hidden": true, "description": "android", "formats": ["directory"], "file_lists": ["android", "all"], "update": false, "name": "android"}, {"dlc": true, "hidden": true, "description": "ios", "formats": ["directory"], "file_lists": ["ios", "all"], "update": false, "name": "ios"}, {"dlc": true, "hidden": true, "description": "web", "formats": ["zip"], "file_lists": ["web", "all"], "update": false, "name": "web"}], "executable_name": "KineticTextTags"}}